Entity,Code,Year,"Homicide rate per 100,000 population - sex: Total - age: Total"
Afghanistan,AFG,2018,6.7435727
Africa (UN),,2018,12.317689
Albania,ALB,2018,2.294046
Algeria,DZA,2018,1.3547354
American Samoa,ASM,2018,26.846191
Americas (UN),,2018,16.380625
Antigua and Barbuda,ATG,2018,13.09679
Argentina,ARG,2018,5.367726
Armenia,ARM,2018,1.7627003
Asia (UN),,2018,2.1029654
Australia,AUS,2018,0.88473505
Austria,AUT,2018,0.97279423
Azerbaijan,AZE,2018,1.9404045
Bahamas,BHS,2018,22.642082
Bahrain,BHR,2018,0.3361706
Bangladesh,BGD,2018,2.339875
Barbados,BRB,2018,10.011137
Belarus,BLR,2018,2.3309605
Belize,BLZ,2018,37.42809
Bermuda,BMU,2018,7.8652215
Bhutan,BTN,2018,1.1809528
Bolivia,BOL,2018,4.945332
Bosnia and Herzegovina,BIH,2018,1.1470153
Brazil,BRA,2018,26.636013
Bulgaria,BGR,2018,1.2926012
Canada,CAN,2018,1.7874861
Cape Verde,CPV,2018,5.4271564
Cayman Islands,CYM,2018,10.788484
Chile,CHL,2018,4.4114223
China,CHN,2018,0.53102547
Colombia,COL,2018,23.877283
Costa Rica,CRI,2018,11.605453
Croatia,HRV,2018,0.57685584
Cuba,CUB,2018,4.334299
Cyprus,CYP,2018,1.2306874
Denmark,DNK,2018,1.005777
Dominica,DMA,2018,18.35575
Dominican Republic,DOM,2018,9.920551
Ecuador,ECU,2018,5.8416734
El Salvador,SLV,2018,53.3113
England and Wales,,2018,1.0843123
Estonia,EST,2018,2.117766
Europe (UN),,2018,2.6214626
Finland,FIN,2018,1.5955149
France,FRA,2018,1.0827998
French Guiana,GUF,2018,13.000024
Georgia,GEO,2018,2.3592877
Germany,DEU,2018,0.9505807
Ghana,GHA,2018,1.6196618
Greece,GRC,2018,0.9310399
Grenada,GRD,2018,9.849144
Guatemala,GTM,2018,28.89584
Guyana,GUY,2018,14.130875
Haiti,HTI,2018,6.746927
Honduras,HND,2018,37.874573
Hong Kong,HKG,2018,0.64157784
Hungary,HUN,2018,0.8796732
Iceland,ISL,2018,0.8499884
India,IND,2018,3.0424323
Ireland,IRL,2018,0.7653314
Israel,ISR,2018,1.3717287
Italy,ITA,2018,0.5995582
Jamaica,JAM,2018,45.84195
Japan,JPN,2018,0.26454216
Jordan,JOR,2018,0.89867306
Kenya,KEN,2018,3.1409333
Kosovo,OWID_KOS,2018,2.5731566
Kuwait,KWT,2018,0.85703975
Latin America and the Caribbean (UN),,2018,23.156193
Latvia,LVA,2018,4.33967
Lebanon,LBN,2018,2.8903487
Liechtenstein,LIE,2018,2.6191037
Lithuania,LTU,2018,3.198745
Luxembourg,LUX,2018,0.49349168
Macao,MAC,2018,0.30722392
Malaysia,MYS,2018,0.99693596
Malta,MLT,2018,1.6273856
Mauritania,MRT,2018,1.2410109
Mauritius,MUS,2018,2.8563004
Melanesia,OWID_MNS,2018,7.958736
Mexico,MEX,2018,29.581371
Micronesia,,2018,3.4059107
Moldova,MDA,2018,5.283533
Mongolia,MNG,2018,6.194708
Montenegro,MNE,2018,2.2171035
Montserrat,MSR,2018,0
Morocco,MAR,2018,1.419525
Myanmar,MMR,2018,2.7569962
Namibia,NAM,2018,19.786497
Nepal,NPL,2018,2.3117363
Netherlands,NLD,2018,0.5785014
New Zealand,NZL,2018,1.1367098
Nicaragua,NIC,2018,10.37699
North Macedonia,MKD,2018,1.1828771
Northern Ireland,,2018,1.2223374
Norway,NOR,2018,0.47060418
Oceania (UN),,2018,2.9779515
Oman,OMN,2018,0.28253764
Pakistan,PAK,2018,3.7504866
Palau,PLW,2018,11.195388
Palestine,PSE,2018,0.49942285
Panama,PAN,2018,9.627262
Paraguay,PRY,2018,7.713405
Peru,PER,2018,7.613974
Philippines,PHL,2018,5.204993
Poland,POL,2018,0.70869595
Polynesia,OWID_PYA,2018,5.4518585
Portugal,PRT,2018,0.78718466
Puerto Rico,PRI,2018,20.004404
Qatar,QAT,2018,0.36143726
Romania,ROU,2018,1.275069
Russia,RUS,2018,8.214083
Rwanda,RWA,2018,2.2742128
Saint Kitts and Nevis,KNA,2018,48.156445
Saint Lucia,LCA,2018,20.799604
Saint Vincent and the Grenadines,VCT,2018,32.294678
Samoa,WSM,2018,6.1993027
Saudi Arabia,SAU,2018,0.6396686
Scotland,,2018,1.1768817
Serbia,SRB,2018,1.4124639
Seychelles,SYC,2018,8.729304
Singapore,SGP,2018,0.15478447
Slovakia,SVK,2018,1.2300923
Slovenia,SVN,2018,0.42736584
South Africa,ZAF,2018,36.66225
South Korea,KOR,2018,0.5979461
Spain,ESP,2018,0.61762637
Sri Lanka,LKA,2018,2.3817568
Suriname,SUR,2018,6.4003825
Sweden,SWE,2018,1.0627518
Switzerland,CHE,2018,0.5872381
Tanzania,TZA,2018,4.706454
Tonga,TON,2018,9.510179
Trinidad and Tobago,TTO,2018,34.358803
Turkey,TUR,2018,2.60961
Uganda,UGA,2018,10.832127
Ukraine,UKR,2018,4.5042458
United Kingdom,GBR,2018,1.0958409
United States,USA,2018,4.929848
Uruguay,URY,2018,12.284647
Uzbekistan,UZB,2018,1.4607278
World,OWID_WRL,2018,5.7590094
Zimbabwe,ZWE,2018,4.876369