{
  "chart": {
    "title": "Homicide rate",
    "subtitle": "Annual number of deaths from [homicide](#dod:homicide) per 100,000 people.",
    "citation": "United Nations Office on Drugs and Crime (2024); Population based on various sources (2023)",
    "originalChartUrl": "https://ourworldindata.org/grapher/homicide-rate-unodc?tab=table&time=2018&v=1&csvType=filtered&useColumnShortNames=false",
    "selection": [
      "Colombia",
      "Venezuela",
      "Costa Rica"
    ]
  },
  "columns": {
    "Homicide rate per 100,000 population - sex: Total - age: Total": {
      "titleShort": "Homicide rate per 100,000 population - sex: Total - age: Total",
      "titleLong": "Homicide rate per 100,000 population - sex: Total - age: Total",
      "descriptionShort": "Homicide rate per 100,000 population of all victims in all age-groups",
      "descriptionKey": [],
      "descriptionProcessing": "Values for the United Kingdom are calcuated by Our World in Data from UNODC data for England, Wales, Scotland and Northern Ireland.",
      "unit": "",
      "timespan": "1990-2023",
      "type": "Numeric",
      "owidVariableId": 997525,
      "shortName": "value__category_total__sex_total__age_total__unit_of_measurement_rate_per_100_000_population",
      "lastUpdated": "2024-10-30",
      "nextUpdate": "2025-10-30",
      "citationShort": "United Nations Office on Drugs and Crime (2024); Population based on various sources (2023) – with major processing by Our World in Data",
      "citationLong": "United Nations Office on Drugs and Crime (2024); Population based on various sources (2023) – with major processing by Our World in Data. “Homicide rate per 100,000 population - sex: Total - age: Total” [dataset]. United Nations Office on Drugs and Crime, “United Nations Office on Drugs and Crime - Intentional Homicide Victims”; Various sources, “Population” [original data].",
      "fullMetadata": "https://api.ourworldindata.org/v1/indicators/997525.metadata.json"
    }
  },
  "dateDownloaded": "2025-01-11",
  "activeFilters": {
    "tab": "table",
    "time": "2018"
  }
}